insert into role (id,role,description) values (1,'Superadmin','desc');
insert into role (id,role,description) values (2,'Admin','desc');
insert into role (id,role,description) values (3,'User','desc');
insert into permission (id,permission,description) values (1,'menu:user','desc');
insert into permission (id,permission,description) values (2,'menu:personal_info','desc');
insert into permission (id,permission,description) values (3,'menu:account','desc');
insert into permission (id,permission,description) values (4,'user:new','desc');
insert into permission (id,permission,description) values (5,'user:view','desc');
insert into permission (id,permission,description) values (6,'user:edit','desc') ;
insert into permission (id,permission,description) values (7,'user:delete','desc');
insert into permission (id,permission,description) values (8,'user:undelete','desc');
insert into permission (id,permission,description) values (9,'user:enable','desc')   ;
insert into permission (id,permission,description) values (10,'user:disable','desc')   ;
insert into permission (id,permission,description) values (11,'user:unlock','desc')    ;
insert into permission (id,permission,description) values (12,'user:list_superadmin','desc');
insert into permission (id,permission,description) values (13,'user:list_enabled','desc');
insert into permission (id,permission,description) values (14,'menu:logs','desc');
insert into role_permission (role_id,permission_id) values ( 1, 1);
insert into role_permission (role_id,permission_id) values ( 1, 2);
insert into role_permission (role_id,permission_id) values ( 1, 3);
insert into role_permission (role_id,permission_id) values ( 1, 4);
insert into role_permission (role_id,permission_id) values ( 1, 5);
insert into role_permission (role_id,permission_id) values ( 1, 6);
insert into role_permission (role_id,permission_id) values ( 1, 7);
insert into role_permission (role_id,permission_id) values ( 1, 8);
insert into role_permission (role_id,permission_id) values ( 1, 9);
insert into role_permission (role_id,permission_id) values ( 1, 10);
insert into role_permission (role_id,permission_id) values ( 1, 11);
insert into role_permission (role_id,permission_id) values ( 1, 12);
insert into role_permission (role_id,permission_id) values ( 1, 13);
insert into role_permission (role_id,permission_id) values ( 1, 14);
insert into role_permission (role_id,permission_id) values ( 2, 1);
insert into role_permission (role_id,permission_id) values ( 2, 2);
insert into role_permission (role_id,permission_id) values ( 2, 3);
insert into role_permission (role_id,permission_id) values ( 2, 4);
insert into role_permission (role_id,permission_id) values ( 2, 5);
insert into role_permission (role_id,permission_id) values ( 2, 6);
insert into role_permission (role_id,permission_id) values ( 2, 8);
insert into role_permission (role_id,permission_id) values ( 2, 9);
insert into role_permission (role_id,permission_id) values ( 2, 10);
insert into role_permission (role_id,permission_id) values ( 3, 2);
insert into role_permission (role_id,permission_id) values ( 3, 3);

INSERT INTO user (id, firstName, lastName, email, phone, username, password, enabled, superadmin, pwd_change_on_next_login, failed_login_attempt_count)  VALUES (1, 'Jane', 'Doe', 'jane@super.com', '2125551212', 'wakka', '$shiro1$SHA-256$500000$no8bF4L6ou/rwcuv0/7qNw==$qOuLZWUSVBw6KJ+acoajJuDPeeoYoU33bdiYpQivvvo=', true, true, false, 0) ;
INSERT INTO user_role (user_id,role_id) values (1,1) ;

INSERT INTO user (id, firstName, lastName, email, phone, username, password, enabled, superadmin, pwd_change_on_next_login, failed_login_attempt_count)  VALUES (2, 'Paul', 'Smith', 'admin@mail.com', '2125551212', 'admin', '$shiro1$SHA-256$500000$yZnmkAQSFkP6MnlRAOisng==$LW6he2w5PcPhJC0CBLBtnH4QrkgxPb8Xt9/U0y0/dfc=', true, false, false, 0) ;
INSERT INTO user_role (user_id,role_id) values (2,2) ;

INSERT INTO user (id, firstName, lastName, email, phone, username, password, enabled, superadmin, pwd_change_on_next_login, failed_login_attempt_count)  VALUES (3, 'Teresa', 'Pinkerton', 'pinkerton@mail.com', '1234567890', 'tpink', '$shiro1$SHA-256$500000$vOVu8tgm+Z6ameq9ba7OvQ==$u1oFuOyrP6jq+vwiVpT57Cx+mxX4F44hXHX3Df4G+bI=', true, false, true, 0) ;
INSERT INTO user_role (user_id,role_id) values (3,3) ;
